{"cameraMode":{"drawMode":0,"name":"Shaded","section":"Shading Mode"},"sceneLighting":true,"audioPlay":false,"sceneViewState":{"m_AlwaysRefresh":false,"showFog":true,"showSkybox":true,"showFlares":true,"showImageEffects":true,"showParticleSystems":true,"showVisualEffectGraphs":true,"m_FxEnabled":true},"in2DMode":false,"pivot":{"x":22.405778884887697,"y":2.1420700550079347,"z":1.0183054208755494},"rotation":{"x":-0.13238146901130677,"y":0.2544538378715515,"z":-0.035159725695848468,"w":-0.9573550224304199},"size":0.5602960586547852,"orthographic":false}