{"cameraMode":{"drawMode":0,"name":"Shaded","section":"Shading Mode"},"sceneLighting":true,"audioPlay":false,"sceneViewState":{"m_AlwaysRefresh":false,"showFog":true,"showSkybox":true,"showFlares":true,"showImageEffects":true,"showParticleSystems":true,"showVisualEffectGraphs":true,"m_FxEnabled":true},"in2DMode":false,"pivot":{"x":1.3346202373504639,"y":3.5790114402770998,"z":-3.153019428253174},"rotation":{"x":-0.0036049482878297569,"y":-0.973339319229126,"z":0.22892749309539796,"w":-0.015179486945271492},"size":1.0862618684768677,"orthographic":false}