{"cameraMode":{"drawMode":0,"name":"Shaded","section":"Shading Mode"},"sceneLighting":true,"audioPlay":false,"sceneViewState":{"m_AlwaysRefresh":false,"showFog":true,"showSkybox":true,"showFlares":true,"showImageEffects":true,"showParticleSystems":true,"showVisualEffectGraphs":true,"m_FxEnabled":true},"in2DMode":false,"pivot":{"x":14.127782821655274,"y":-1.4136301279067994,"z":-12.670465469360352},"rotation":{"x":-0.25458014011383059,"y":0.7078388929367065,"z":-0.30972468852996828,"w":-0.5816709995269775},"size":6.755647659301758,"orthographic":false}