{"cameraMode":{"drawMode":0,"name":"Shaded","section":"Shading Mode"},"sceneLighting":true,"audioPlay":false,"sceneViewState":{"m_AlwaysRefresh":false,"showFog":true,"showSkybox":true,"showFlares":true,"showImageEffects":true,"showParticleSystems":true,"showVisualEffectGraphs":true,"m_FxEnabled":true},"in2DMode":false,"pivot":{"x":615.9640502929688,"y":95.88008117675781,"z":-4.159794807434082},"rotation":{"x":0.04435586556792259,"y":0.03595680743455887,"z":-0.0016199239762499929,"w":0.9984089732170105},"size":376.0747375488281,"orthographic":false}